"month","revenue"
1,103996.43000000004
2,96590.13
3,131880.13
4,86843.31000000004
5,91560.75
6,101970.30000000005
7,101705.05000000005
8,105507.58000000005
9,78587.98
10,99096.71999999996
11,97666.24000000003
12,91475.30999999995
