"customer_id","name","total_spent"
217,"Neha",13634.159999999998
89,"Ishaan",12916.169999999998
202,"Aditya",11669.31
86,"Shreya",10911.27
227,"Yash",10500.2
184,"Saanvi",10066.24
129,"Swara",9843.44
203,"Tanya",9629.84
34,"Shreya",9413.42
247,"Meera",9151.67
